Phase,Run No.,TangoTek Rating,VintageBeef Rating,XB Rating,Xisuma Rating,Zedaph Rating,JoeHills Rating,Pearl Rating,Keralis Rating,RenDog Rating,iJevin Rating,BdoubleO100 Rating,Cubfan135 Rating,Docm77 Rating,Stress Rating,Ethoslab Rating,Geminitay Rating,Grian Rating,Hypnotizd Rating,impulseSV Rating,iskall85 Rating,Scar Rating,ZombieCleo Rating,FalseSymmetry Rating,MumboJumbo Rating
1,1,,,,,,,,,,,,1000,,,,,,,,,986.1694915,,,
1,2,,,,,,,,,,,,986.1694915,,,,,,1000,,,986.1694915,,,
1,3,,,,1000,,,,,,,,986.1694915,,,,,,986.1694915,,,986.1694915,,,
1,4,,,,986.1694915,,,,,,,,986.1694915,,,,1000,,986.1694915,,,986.1694915,,,
1,5,,,,986.1694915,,,,,,,1000,986.1694915,,,,986.1694915,,986.1694915,,,986.1694915,,,
1,6,,,,986.1694915,,,,,,,977.2307692,986.1694915,,,,986.1694915,1000,986.1694915,,,986.1694915,,,
1,7,,,,986.1694915,,,,,,,977.2307692,986.1694915,,,1000,986.1694915,986.1694915,986.1694915,,,986.1694915,,,
1,8,,,,986.1694915,,,,,,,977.2307692,986.1694915,,,1018.169492,986.1694915,986.1694915,986.1694915,,,986.1694915,,,
1,9,,,,986.1694915,,,,,,,977.2307692,986.1694915,,,1018.169492,986.1694915,986.1694915,986.1694915,,,1004.338983,,,
1,10,,,,986.1694915,,,,,,,977.2307692,982.8874402,,,1018.169492,986.1694915,986.1694915,986.1694915,,,1004.338983,,,
1,11,,,,986.1694915,,,,,,,977.2307692,982.8874402,,,1018.169492,986.1694915,986.1694915,972.3389831,,,1004.338983,,,
1,12,,,,972.3389831,,,,,,,977.2307692,982.8874402,,,1018.169492,986.1694915,986.1694915,972.3389831,,,1004.338983,,,
1,13,,,,972.3389831,,,,,,,963.4002608,982.8874402,,,1018.169492,986.1694915,986.1694915,972.3389831,,,1004.338983,,,
1,14,,,,972.3389831,,,,,,,963.4002608,982.8874402,,,1018.169492,986.1694915,1004.338983,972.3389831,,,1004.338983,,,
1,15,,,,972.3389831,,,,,,,963.4002608,982.8874402,,,1018.169492,1004.338983,1004.338983,972.3389831,,,1004.338983,,,
1,16,,,,972.3389831,,,,,,,963.4002608,982.8874402,,,1018.169492,1004.338983,1004.338983,972.3389831,,,990.5084746,,,
1,17,,,,972.3389831,,,,,,,963.4002608,982.8874402,,,1036.338983,1004.338983,1004.338983,972.3389831,,,990.5084746,,,
1,18,,,,972.3389831,,,,,,,963.4002608,1001.056932,,,1036.338983,1004.338983,1004.338983,972.3389831,,,990.5084746,,,
1,19,,,,972.3389831,,,,,,,963.4002608,1001.056932,,,1036.338983,1004.338983,1004.338983,990.5084746,,,990.5084746,,,
1,20,,,,972.3389831,,,,,,,963.4002608,1001.056932,,,1036.338983,1004.338983,1022.508475,990.5084746,,,990.5084746,,,
1,21,,,,972.3389831,,,,,,,963.4002608,1001.056932,,,1036.338983,1022.508475,1022.508475,990.5084746,1000,,990.5084746,,,
1,22,,,,972.3389831,,,,,,,963.4002608,1001.056932,,,1036.338983,1022.508475,1022.508475,990.5084746,1018.169492,,990.5084746,,,
1,23,,,,972.3389831,,,,,,,963.4002608,1001.056932,,,1036.338983,1022.508475,1022.508475,990.5084746,1018.169492,,976.6779661,,,
1,24,,,,972.3389831,,,,,,1000,963.4002608,1001.056932,,,1033.056932,1022.508475,1022.508475,990.5084746,1018.169492,,976.6779661,,,
1,25,,,,972.3389831,,,,,,986.1694915,963.4002608,1001.056932,,,1033.056932,1022.508475,1022.508475,990.5084746,1018.169492,,976.6779661,,,
1,26,,,,972.3389831,,,,,,986.1694915,963.4002608,1001.056932,,,1033.056932,1022.508475,1022.508475,990.5084746,1036.338983,,976.6779661,,,
1,27,,,,972.3389831,,,,,,1004.338983,963.4002608,1001.056932,,,1033.056932,1022.508475,1022.508475,990.5084746,1036.338983,,976.6779661,,,
1,28,,,,972.3389831,,,,,,1004.338983,963.4002608,1001.056932,,,1033.056932,1019.226423,1022.508475,990.5084746,1036.338983,,976.6779661,,,
1,29,,,,972.3389831,,,,,,1004.338983,963.4002608,1001.056932,,,1033.056932,1019.226423,1022.508475,990.5084746,1036.338983,,994.8474576,,,
1,30,,,,958.5084746,,,,,,1004.338983,963.4002608,1001.056932,,,1033.056932,1019.226423,1022.508475,990.5084746,1036.338983,1000,994.8474576,,,
1,31,,,,958.5084746,,,,,,1004.338983,963.4002608,1001.056932,,,1033.056932,1019.226423,1022.508475,990.5084746,1036.338983,986.1694915,994.8474576,,,
1,32,,,,944.6779661,,,,,,1004.338983,963.4002608,1001.056932,,,1033.056932,1019.226423,1022.508475,990.5084746,1036.338983,986.1694915,994.8474576,,,
1,33,,,,944.6779661,,,,,,1004.338983,963.4002608,1001.056932,,,1033.056932,1019.226423,1022.508475,990.5084746,1036.338983,972.3389831,994.8474576,,,
1,34,,,,930.8474576,,,,,,1004.338983,963.4002608,1001.056932,,,1033.056932,1019.226423,1022.508475,990.5084746,1036.338983,972.3389831,994.8474576,,,
1,35,,,,949.0169492,,,,,,1004.338983,963.4002608,1001.056932,,,1033.056932,1019.226423,1022.508475,990.5084746,1036.338983,972.3389831,994.8474576,,,
1,36,,,,949.0169492,1000,,,,,1004.338983,963.4002608,1001.056932,,,1033.056932,1019.226423,1022.508475,990.5084746,1036.338983,990.5084746,994.8474576,,,
1,37,,,,949.0169492,986.1694915,,,,,1004.338983,963.4002608,1001.056932,,,1033.056932,1019.226423,1022.508475,990.5084746,1036.338983,990.5084746,994.8474576,,,
1,38,,,,949.0169492,1004.338983,,,,,1004.338983,963.4002608,1001.056932,,,1033.056932,1019.226423,1022.508475,990.5084746,1036.338983,990.5084746,994.8474576,,,
1,39,,,,949.0169492,1004.338983,,,,,1004.338983,963.4002608,1001.056932,,,1033.056932,1019.226423,1022.508475,990.5084746,1036.338983,990.5084746,994.8474576,,,
1,40,,,,949.0169492,1004.338983,,,,,1004.338983,963.4002608,1001.056932,,,1033.056932,1019.226423,1022.508475,990.5084746,1036.338983,990.5084746,1013.016949,,,
1,41,,,,949.0169492,1004.338983,,,,,1004.338983,963.4002608,1001.056932,,,1033.056932,1019.226423,1022.508475,990.5084746,1036.338983,990.5084746,1013.016949,,,
1,42,,,,949.0169492,1004.338983,,,,,1004.338983,963.4002608,1001.056932,,,1033.056932,1019.226423,1022.508475,990.5084746,1036.338983,990.5084746,1013.016949,,,
1,43,,,,949.0169492,1004.338983,,,,,1004.338983,963.4002608,1001.056932,,,1033.056932,1019.226423,1022.508475,990.5084746,1036.338983,990.5084746,1013.016949,1000,,
1,44,,,,949.0169492,1004.338983,,,,,1004.338983,963.4002608,1001.056932,1000,,1033.056932,1019.226423,1022.508475,990.5084746,1036.338983,990.5084746,1013.016949,1018.169492,,
1,45,,,,949.0169492,1004.338983,,,,,1004.338983,963.4002608,1001.056932,986.1694915,,1033.056932,1019.226423,1022.508475,990.5084746,1036.338983,990.5084746,1013.016949,1018.169492,,
1,46,,,,967.1864407,1004.338983,,,,,1004.338983,963.4002608,1001.056932,986.1694915,,1033.056932,1019.226423,1022.508475,990.5084746,1036.338983,990.5084746,1013.016949,1018.169492,,
1,47,,,,967.1864407,1004.338983,,,,,1004.338983,963.4002608,1019.226423,986.1694915,,1033.056932,1019.226423,1022.508475,990.5084746,1036.338983,990.5084746,1013.016949,1018.169492,,
1,48,,,,967.1864407,1004.338983,,,,,1004.338983,963.4002608,1019.226423,986.1694915,,1033.056932,1005.395915,1022.508475,990.5084746,1036.338983,990.5084746,1013.016949,1018.169492,,
1,49,,,,967.1864407,1004.338983,,,,,1004.338983,963.4002608,1019.226423,986.1694915,,1033.056932,1005.395915,1022.508475,990.5084746,1036.338983,990.5084746,1013.016949,1004.338983,,
1,50,,,,967.1864407,1004.338983,,,,,1004.338983,963.4002608,1019.226423,972.3389831,,1033.056932,1005.395915,1022.508475,990.5084746,1036.338983,990.5084746,1013.016949,1004.338983,,
1,51,,,,944.4172099,1004.338983,,,,,1004.338983,963.4002608,1019.226423,972.3389831,,1033.056932,1005.395915,1022.508475,990.5084746,1036.338983,990.5084746,1013.016949,1004.338983,,
1,52,,,,944.4172099,1004.338983,,,,,1004.338983,963.4002608,1037.395915,972.3389831,,1033.056932,1005.395915,1022.508475,990.5084746,1036.338983,990.5084746,1013.016949,1004.338983,,
1,53,,,,944.4172099,1004.338983,,,,,1004.338983,963.4002608,1037.395915,972.3389831,,1033.056932,991.5654063,1022.508475,990.5084746,1036.338983,990.5084746,1013.016949,1004.338983,,
1,54,,,,944.4172099,1004.338983,,,,,1004.338983,963.4002608,1037.395915,972.3389831,,1033.056932,991.5654063,1031.739244,990.5084746,1036.338983,990.5084746,1013.016949,1004.338983,,
1,55,,,,944.4172099,1004.338983,,,,,1004.338983,963.4002608,1037.395915,972.3389831,,1033.056932,991.5654063,1031.739244,999.7392438,1036.338983,990.5084746,1013.016949,1004.338983,,
1,56,,,,944.4172099,1004.338983,,,,,1004.338983,963.4002608,1037.395915,990.5084746,,1033.056932,991.5654063,1031.739244,999.7392438,1036.338983,990.5084746,1013.016949,1004.338983,,
1,57,,,,930.5867014,1004.338983,,,,,1004.338983,963.4002608,1037.395915,990.5084746,,1033.056932,991.5654063,1031.739244,999.7392438,1036.338983,990.5084746,1013.016949,1004.338983,,
1,58,,,,930.5867014,1004.338983,,,,,1004.338983,963.4002608,1023.565406,990.5084746,,1033.056932,991.5654063,1031.739244,999.7392438,1036.338983,990.5084746,1013.016949,1004.338983,,
1,59,,,,930.5867014,1004.338983,,,,,1004.338983,963.4002608,1023.565406,990.5084746,,1033.056932,991.5654063,1031.739244,999.7392438,1036.338983,990.5084746,999.1864407,1004.338983,,
1,60,,,,930.5867014,1004.338983,,,,,1004.338983,963.4002608,1023.565406,990.5084746,,1033.056932,991.5654063,1040.970013,999.7392438,1036.338983,990.5084746,999.1864407,1004.338983,,
1,61,,,,930.5867014,1004.338983,,,,,1004.338983,963.4002608,1023.565406,990.5084746,,1033.056932,991.5654063,1040.970013,996.4571925,1036.338983,990.5084746,999.1864407,1004.338983,,
1,62,,,,930.5867014,1004.338983,,,,,1004.338983,963.4002608,1023.565406,976.6779661,,1033.056932,991.5654063,1040.970013,996.4571925,1036.338983,990.5084746,999.1864407,1004.338983,,
1,63,,,,930.5867014,1004.338983,,,,,1001.056932,963.4002608,1023.565406,976.6779661,,1033.056932,991.5654063,1040.970013,996.4571925,1036.338983,990.5084746,999.1864407,1004.338983,,
1,64,,,,930.5867014,1004.338983,,,,,1001.056932,940.63103,1023.565406,976.6779661,,1033.056932,991.5654063,1040.970013,996.4571925,1036.338983,990.5084746,999.1864407,1004.338983,,
1,65,,,,930.5867014,1004.338983,,,,,1001.056932,940.63103,1032.796176,976.6779661,,1033.056932,991.5654063,1040.970013,996.4571925,1036.338983,990.5084746,999.1864407,1004.338983,,
1,66,,,,930.5867014,1004.338983,,,,,1001.056932,940.63103,1032.796176,976.6779661,,1033.056932,991.5654063,1040.970013,996.4571925,1036.338983,990.5084746,999.1864407,1022.508475,,
1,67,,,,930.5867014,1004.338983,,,,,1001.056932,940.63103,1032.796176,976.6779661,,1033.056932,991.5654063,1040.970013,993.1751412,1036.338983,990.5084746,999.1864407,1022.508475,,
1,68,,,,930.5867014,1004.338983,,,,,1001.056932,940.63103,1032.796176,953.9087353,,1033.056932,991.5654063,1040.970013,993.1751412,1036.338983,990.5084746,999.1864407,1022.508475,,
1,69,,,,930.5867014,1004.338983,,,,,997.7748805,940.63103,1032.796176,953.9087353,,1033.056932,991.5654063,1040.970013,993.1751412,1036.338983,990.5084746,999.1864407,1022.508475,,
1,70,,,,930.5867014,1004.338983,,,,,997.7748805,958.8005215,1032.796176,953.9087353,,1033.056932,991.5654063,1040.970013,993.1751412,1036.338983,990.5084746,999.1864407,1022.508475,,
1,71,,,,930.5867014,1004.338983,,,,,994.4928292,958.8005215,1032.796176,953.9087353,,1033.056932,991.5654063,1040.970013,993.1751412,1036.338983,990.5084746,999.1864407,1022.508475,,
1,72,,,,930.5867014,1004.338983,,,,,1003.723598,958.8005215,1032.796176,953.9087353,,1033.056932,991.5654063,1040.970013,993.1751412,1036.338983,990.5084746,999.1864407,1022.508475,,
1,73,,,,930.5867014,1004.338983,,,,,1012.954368,958.8005215,1032.796176,953.9087353,,1033.056932,991.5654063,1040.970013,993.1751412,1036.338983,990.5084746,999.1864407,1022.508475,,
1,74,,,,948.756193,1004.338983,,,,,1012.954368,958.8005215,1032.796176,953.9087353,,1033.056932,991.5654063,1040.970013,993.1751412,1036.338983,990.5084746,999.1864407,1022.508475,,
1,75,,,,966.9256845,1004.338983,,,,,1012.954368,958.8005215,1032.796176,953.9087353,1000,1033.056932,991.5654063,1040.970013,993.1751412,1036.338983,990.5084746,999.1864407,1022.508475,,
1,76,,,,966.9256845,1004.338983,,,,,1012.954368,958.8005215,1032.796176,953.9087353,986.1694915,1033.056932,991.5654063,1040.970013,993.1751412,1036.338983,990.5084746,999.1864407,1022.508475,,
1,77,,,,966.9256845,1004.338983,,,,,1012.954368,958.8005215,1032.796176,953.9087353,972.3389831,1033.056932,991.5654063,1040.970013,993.1751412,1036.338983,990.5084746,999.1864407,1022.508475,,
1,78,,,,966.9256845,1004.338983,,,,,1012.954368,958.8005215,1032.796176,953.9087353,958.5084746,1033.056932,991.5654063,1040.970013,993.1751412,1036.338983,990.5084746,999.1864407,1022.508475,,
1,79,,,,966.9256845,1004.338983,,,,,1012.954368,958.8005215,1032.796176,953.9087353,944.6779661,1033.056932,991.5654063,1040.970013,993.1751412,1036.338983,990.5084746,999.1864407,1022.508475,,
1,80,,,,966.9256845,990.5084746,,,,,1012.954368,958.8005215,1032.796176,953.9087353,944.6779661,1033.056932,991.5654063,1040.970013,993.1751412,1036.338983,990.5084746,999.1864407,1022.508475,,
1,81,,,,966.9256845,1008.677966,1000,,,,1012.954368,958.8005215,1032.796176,953.9087353,944.6779661,1033.056932,991.5654063,1040.970013,993.1751412,1036.338983,990.5084746,999.1864407,1022.508475,,
1,82,,,,966.9256845,1008.677966,986.1694915,,,,1012.954368,958.8005215,1032.796176,953.9087353,944.6779661,1033.056932,991.5654063,1040.970013,993.1751412,1036.338983,990.5084746,999.1864407,1022.508475,,
1,83,,,,966.9256845,1008.677966,972.3389831,,,,1012.954368,958.8005215,1032.796176,953.9087353,944.6779661,1033.056932,991.5654063,1040.970013,993.1751412,1036.338983,990.5084746,999.1864407,1022.508475,,
1,84,,,,966.9256845,1008.677966,990.5084746,1000,,,1012.954368,958.8005215,1032.796176,953.9087353,944.6779661,1033.056932,991.5654063,1040.970013,993.1751412,1036.338983,990.5084746,999.1864407,1022.508475,,
1,85,,,,966.9256845,1008.677966,990.5084746,986.1694915,,,1012.954368,958.8005215,1032.796176,953.9087353,944.6779661,1033.056932,991.5654063,1040.970013,993.1751412,1036.338983,990.5084746,999.1864407,1022.508475,,
1,86,,,,966.9256845,1008.677966,990.5084746,986.1694915,,,1012.954368,958.8005215,1032.796176,953.9087353,944.6779661,1033.056932,991.5654063,1040.970013,993.1751412,1036.338983,990.5084746,999.1864407,1008.677966,,
1,87,,,,966.9256845,1008.677966,990.5084746,972.3389831,,,1012.954368,958.8005215,1032.796176,953.9087353,944.6779661,1033.056932,991.5654063,1040.970013,993.1751412,1036.338983,990.5084746,999.1864407,1008.677966,,
1,88,,,,966.9256845,1008.677966,990.5084746,958.5084746,,,1012.954368,958.8005215,1032.796176,953.9087353,944.6779661,1033.056932,991.5654063,1040.970013,993.1751412,1036.338983,990.5084746,999.1864407,1008.677966,,
1,89,,,,966.9256845,1008.677966,990.5084746,958.5084746,,,1012.954368,958.8005215,1032.796176,953.9087353,944.6779661,1033.056932,991.5654063,1040.970013,993.1751412,1036.338983,990.5084746,999.1864407,994.8474576,,
1,90,,,,966.9256845,1008.677966,990.5084746,976.6779661,,,1012.954368,958.8005215,1032.796176,953.9087353,944.6779661,1033.056932,991.5654063,1040.970013,993.1751412,1036.338983,990.5084746,999.1864407,994.8474576,,
1,91,,,,966.9256845,1008.677966,990.5084746,976.6779661,,,1012.954368,958.8005215,1032.796176,953.9087353,944.6779661,1033.056932,991.5654063,1050.200782,993.1751412,1036.338983,990.5084746,999.1864407,994.8474576,,
1,92,,,,966.9256845,1008.677966,990.5084746,994.8474576,,,1012.954368,958.8005215,1032.796176,953.9087353,944.6779661,1033.056932,991.5654063,1050.200782,993.1751412,1036.338983,990.5084746,999.1864407,994.8474576,,
1,93,,,,966.9256845,1008.677966,990.5084746,991.5654063,,,1012.954368,958.8005215,1032.796176,953.9087353,944.6779661,1033.056932,991.5654063,1050.200782,993.1751412,1036.338983,990.5084746,999.1864407,994.8474576,,
1,94,,,,966.9256845,1008.677966,990.5084746,988.2833551,,,1012.954368,958.8005215,1032.796176,953.9087353,944.6779661,1033.056932,991.5654063,1050.200782,993.1751412,1036.338983,990.5084746,999.1864407,994.8474576,,
1,95,,,,966.9256845,1008.677966,990.5084746,997.5141243,,,1012.954368,958.8005215,1032.796176,953.9087353,944.6779661,1033.056932,991.5654063,1050.200782,993.1751412,1036.338983,990.5084746,999.1864407,994.8474576,,
1,96,,,,966.9256845,1008.677966,990.5084746,997.5141243,,,1012.954368,958.8005215,1010.026945,953.9087353,944.6779661,1033.056932,991.5654063,1050.200782,993.1751412,1036.338983,990.5084746,999.1864407,994.8474576,,
1,97,,,,966.9256845,1008.677966,990.5084746,997.5141243,,,1012.954368,958.8005215,1006.744894,953.9087353,944.6779661,1033.056932,991.5654063,1050.200782,993.1751412,1036.338983,990.5084746,999.1864407,994.8474576,,
1,98,,,,966.9256845,1008.677966,990.5084746,997.5141243,,,1012.954368,958.8005215,1006.744894,953.9087353,944.6779661,1033.056932,991.5654063,1027.431551,993.1751412,1036.338983,990.5084746,999.1864407,994.8474576,,
1,99,,,,966.9256845,1008.677966,990.5084746,997.5141243,,,1012.954368,958.8005215,1006.744894,953.9087353,944.6779661,1033.056932,991.5654063,1036.662321,993.1751412,1036.338983,990.5084746,999.1864407,994.8474576,,
1,100,,,,966.9256845,1008.677966,1008.677966,997.5141243,,,1012.954368,958.8005215,1006.744894,953.9087353,944.6779661,1033.056932,991.5654063,1036.662321,993.1751412,1036.338983,990.5084746,999.1864407,994.8474576,,
1,101,,,,966.9256845,1008.677966,1008.677966,997.5141243,,,1022.185137,958.8005215,1006.744894,953.9087353,944.6779661,1033.056932,991.5654063,1036.662321,993.1751412,1036.338983,990.5084746,999.1864407,994.8474576,,
1,102,,,,966.9256845,1008.677966,1008.677966,997.5141243,,,1022.185137,958.8005215,1006.744894,953.9087353,944.6779661,1033.056932,991.5654063,1036.662321,993.1751412,1036.338983,990.5084746,999.1864407,981.0169492,,
1,103,,,,966.9256845,1008.677966,1008.677966,997.5141243,,,1022.185137,958.8005215,1006.744894,953.9087353,944.6779661,1029.77488,991.5654063,1036.662321,993.1751412,1036.338983,990.5084746,999.1864407,981.0169492,,
1,104,,,,966.9256845,1008.677966,1008.677966,997.5141243,,,1022.185137,958.8005215,1006.744894,953.9087353,944.6779661,1029.77488,991.5654063,1036.662321,993.1751412,1036.338983,990.5084746,999.1864407,999.1864407,,
1,105,,,,966.9256845,1008.677966,1008.677966,997.5141243,,,1022.185137,958.8005215,1006.744894,953.9087353,944.6779661,1039.00565,991.5654063,1036.662321,993.1751412,1036.338983,990.5084746,999.1864407,999.1864407,,
1,106,,,,966.9256845,1008.677966,1008.677966,997.5141243,,,1022.185137,958.8005215,1006.744894,953.9087353,944.6779661,1039.00565,1000.796176,1036.662321,993.1751412,1036.338983,990.5084746,999.1864407,999.1864407,,
1,107,,,,966.9256845,1008.677966,1008.677966,997.5141243,,,1022.185137,958.8005215,1006.744894,953.9087353,944.6779661,1048.236419,1000.796176,1036.662321,993.1751412,1036.338983,990.5084746,999.1864407,999.1864407,,
1,108,,,,966.9256845,1008.677966,1008.677966,997.5141243,,,1022.185137,958.8005215,1003.462842,953.9087353,944.6779661,1048.236419,1000.796176,1036.662321,993.1751412,1036.338983,990.5084746,999.1864407,999.1864407,,
1,109,,,,966.9256845,1008.677966,1008.677966,997.5141243,,,1022.185137,958.8005215,1012.693611,953.9087353,944.6779661,1048.236419,1000.796176,1036.662321,993.1751412,1036.338983,990.5084746,999.1864407,999.1864407,,
1,110,,,,966.9256845,1008.677966,985.9087353,997.5141243,,,1022.185137,958.8005215,1012.693611,953.9087353,944.6779661,1048.236419,1000.796176,1036.662321,993.1751412,1036.338983,990.5084746,999.1864407,999.1864407,,
1,111,,,,966.9256845,1008.677966,985.9087353,997.5141243,,,1022.185137,958.8005215,989.9243807,953.9087353,944.6779661,1048.236419,1000.796176,1036.662321,993.1751412,1036.338983,990.5084746,999.1864407,999.1864407,,
1,112,,,,966.9256845,1008.677966,985.9087353,997.5141243,,,1022.185137,958.8005215,986.6423294,953.9087353,944.6779661,1048.236419,1000.796176,1036.662321,993.1751412,1036.338983,990.5084746,999.1864407,999.1864407,,
1,113,,,,966.9256845,1008.677966,985.9087353,997.5141243,,,1022.185137,958.8005215,995.8730987,953.9087353,944.6779661,1048.236419,1000.796176,1036.662321,993.1751412,1036.338983,990.5084746,999.1864407,999.1864407,,
1,114,,,,966.9256845,1008.677966,982.6266841,997.5141243,,1000,1022.185137,958.8005215,995.8730987,953.9087353,944.6779661,1048.236419,1000.796176,1036.662321,993.1751412,1036.338983,990.5084746,999.1864407,999.1864407,,
1,115,,,,966.9256845,1008.677966,982.6266841,997.5141243,,986.1694915,1022.185137,958.8005215,995.8730987,953.9087353,944.6779661,1048.236419,1000.796176,1036.662321,993.1751412,1036.338983,990.5084746,999.1864407,999.1864407,,
1,116,,,,966.9256845,1008.677966,982.6266841,997.5141243,,972.3389831,1022.185137,958.8005215,995.8730987,953.9087353,944.6779661,1048.236419,1000.796176,1036.662321,993.1751412,1036.338983,990.5084746,999.1864407,999.1864407,,
1,117,,,,966.9256845,1008.677966,982.6266841,997.5141243,,958.5084746,1022.185137,958.8005215,995.8730987,953.9087353,944.6779661,1048.236419,1000.796176,1036.662321,993.1751412,1036.338983,990.5084746,999.1864407,999.1864407,,
1,118,,,,966.9256845,1008.677966,982.6266841,997.5141243,,976.6779661,1022.185137,958.8005215,995.8730987,953.9087353,944.6779661,1048.236419,1000.796176,1036.662321,993.1751412,1036.338983,990.5084746,999.1864407,999.1864407,,
1,119,,,,966.9256845,1008.677966,982.6266841,997.5141243,,976.6779661,1022.185137,958.8005215,995.8730987,953.9087353,944.6779661,1048.236419,1010.026945,1036.662321,993.1751412,1036.338983,990.5084746,999.1864407,999.1864407,,
1,120,,,,966.9256845,1008.677966,979.3446328,997.5141243,,976.6779661,1022.185137,958.8005215,995.8730987,953.9087353,944.6779661,1048.236419,1010.026945,1036.662321,993.1751412,1036.338983,990.5084746,999.1864407,999.1864407,,
1,121,,,,966.9256845,1008.677966,988.575402,997.5141243,,976.6779661,1022.185137,958.8005215,995.8730987,953.9087353,944.6779661,1048.236419,1010.026945,1036.662321,993.1751412,1036.338983,990.5084746,999.1864407,999.1864407,,
1,122,,,,966.9256845,1008.677966,988.575402,997.5141243,,976.6779661,1022.185137,958.8005215,995.8730987,953.9087353,944.6779661,1048.236419,1010.026945,1036.662321,993.1751412,1022.508475,990.5084746,999.1864407,999.1864407,,
1,123,,,,966.9256845,1008.677966,988.575402,997.5141243,,976.6779661,1022.185137,958.8005215,995.8730987,953.9087353,944.6779661,1048.236419,1010.026945,1036.662321,993.1751412,1019.226423,990.5084746,999.1864407,999.1864407,,
1,124,,,,966.9256845,1008.677966,988.575402,997.5141243,,976.6779661,1022.185137,958.8005215,995.8730987,953.9087353,944.6779661,1048.236419,1010.026945,1036.662321,993.1751412,1005.395915,990.5084746,999.1864407,999.1864407,,
1,125,,,,966.9256845,1008.677966,988.575402,997.5141243,,976.6779661,1022.185137,958.8005215,995.8730987,953.9087353,944.6779661,1048.236419,1010.026945,1036.662321,993.1751412,991.5654063,990.5084746,999.1864407,999.1864407,,
1,126,,,,966.9256845,1008.677966,988.575402,997.5141243,,976.6779661,1022.185137,958.8005215,995.8730987,953.9087353,944.6779661,1048.236419,1010.026945,1036.662321,993.1751412,991.5654063,990.5084746,999.1864407,999.1864407,,
1,127,,,,966.9256845,1008.677966,988.575402,997.5141243,,976.6779661,1022.185137,958.8005215,995.8730987,953.9087353,944.6779661,1048.236419,1010.026945,1036.662321,993.1751412,991.5654063,990.5084746,999.1864407,999.1864407,,
1,128,,,,966.9256845,1008.677966,988.575402,997.5141243,,976.6779661,1022.185137,958.8005215,995.8730987,953.9087353,944.6779661,1048.236419,1010.026945,1036.662321,993.1751412,1009.734898,990.5084746,999.1864407,999.1864407,,
1,129,,,,966.9256845,1008.677966,988.575402,997.5141243,,976.6779661,1022.185137,958.8005215,995.8730987,953.9087353,944.6779661,1048.236419,1010.026945,1036.662321,993.1751412,1018.965667,990.5084746,999.1864407,999.1864407,,
1,130,,,,966.9256845,1008.677966,988.575402,997.5141243,,976.6779661,1022.185137,944.970013,995.8730987,953.9087353,944.6779661,1048.236419,1010.026945,1036.662321,993.1751412,1018.965667,990.5084746,999.1864407,999.1864407,,
1,131,,,,966.9256845,1008.677966,988.575402,997.5141243,,976.6779661,1022.185137,944.970013,995.8730987,953.9087353,944.6779661,1048.236419,1010.026945,1036.662321,993.1751412,1028.196436,990.5084746,999.1864407,999.1864407,,
1,132,,,,966.9256845,1008.677966,988.575402,997.5141243,,976.6779661,1022.185137,944.970013,995.8730987,953.9087353,944.6779661,1048.236419,1010.026945,1036.662321,993.1751412,1022.378255,990.5084746,999.1864407,999.1864407,,
1,133,,,,966.9256845,1008.677966,988.575402,997.5141243,,976.6779661,1022.185137,931.1395046,995.8730987,953.9087353,944.6779661,1048.236419,1010.026945,1036.662321,993.1751412,1022.378255,990.5084746,999.1864407,999.1864407,,
1,134,,,,966.9256845,1008.677966,988.575402,997.5141243,,976.6779661,1022.185137,931.1395046,995.8730987,953.9087353,944.6779661,1048.236419,1010.026945,1036.662321,993.1751412,1022.378255,990.5084746,999.1864407,995.9043894,,
1,135,,,,966.9256845,1008.677966,988.575402,997.5141243,,976.6779661,1022.185137,931.1395046,995.8730987,953.9087353,944.6779661,1048.236419,1010.026945,1036.662321,993.1751412,1022.378255,990.5084746,999.1864407,973.1351586,,
1,136,,,,966.9256845,1008.677966,988.575402,997.5141243,,976.6779661,1022.185137,931.1395046,995.8730987,953.9087353,944.6779661,1048.236419,1010.026945,1036.662321,993.1751412,1022.378255,990.5084746,999.1864407,950.3659279,,
1,137,,,,966.9256845,1008.677966,988.575402,997.5141243,,976.6779661,1022.185137,931.1395046,995.8730987,953.9087353,944.6779661,1048.236419,1010.026945,1036.662321,993.1751412,1022.378255,990.5084746,999.1864407,947.0838766,,
1,138,,,1000,966.9256845,1008.677966,988.575402,997.5141243,,976.6779661,1022.185137,931.1395046,995.8730987,953.9087353,944.6779661,1048.236419,1010.026945,1036.662321,993.1751412,1022.378255,990.5084746,999.1864407,933.2533681,,
1,139,,,1018.169492,966.9256845,1008.677966,988.575402,997.5141243,,976.6779661,1022.185137,931.1395046,995.8730987,953.9087353,944.6779661,1048.236419,1010.026945,1036.662321,993.1751412,1022.378255,990.5084746,999.1864407,933.2533681,,
1,140,,,1018.169492,966.9256845,1008.677966,988.575402,997.5141243,,976.6779661,1022.185137,931.1395046,995.8730987,953.9087353,944.6779661,1048.236419,1010.026945,1036.662321,993.1751412,1022.378255,990.5084746,999.1864407,933.2533681,,
1,141,,,1018.169492,966.9256845,1008.677966,988.575402,997.5141243,,976.6779661,1022.185137,931.1395046,995.8730987,953.9087353,944.6779661,1048.236419,1010.026945,1036.662321,1002.40591,1022.378255,990.5084746,999.1864407,933.2533681,,
1,142,,,1018.169492,966.9256845,1008.677966,988.575402,997.5141243,,976.6779661,1022.185137,931.1395046,995.8730987,953.9087353,944.6779661,1048.236419,1028.196436,1036.662321,1002.40591,1022.378255,990.5084746,999.1864407,933.2533681,,
1,143,,,1018.169492,966.9256845,1008.677966,988.575402,997.5141243,,976.6779661,1022.185137,931.1395046,995.8730987,953.9087353,944.6779661,1048.236419,1024.914385,1036.662321,1002.40591,1022.378255,990.5084746,999.1864407,933.2533681,,
1,144,,,1018.169492,966.9256845,1026.847458,988.575402,997.5141243,,976.6779661,1022.185137,931.1395046,995.8730987,953.9087353,944.6779661,1048.236419,1024.914385,1036.662321,1002.40591,1022.378255,990.5084746,999.1864407,933.2533681,,
1,145,,,1018.169492,966.9256845,1026.847458,988.575402,997.5141243,,976.6779661,1022.185137,931.1395046,995.8730987,953.9087353,944.6779661,1048.236419,1024.914385,1036.662321,1002.40591,1022.378255,990.5084746,999.1864407,933.2533681,,
1,146,,,1018.169492,966.9256845,1026.847458,988.575402,997.5141243,,976.6779661,1022.185137,931.1395046,995.8730987,953.9087353,944.6779661,1048.236419,1024.914385,1036.662321,1002.40591,1022.378255,990.5084746,999.1864407,933.2533681,,
1,147,,,1018.169492,966.9256845,1026.847458,988.575402,997.5141243,,976.6779661,1022.185137,931.1395046,995.8730987,953.9087353,944.6779661,1048.236419,1024.914385,1036.662321,1002.40591,1022.378255,990.5084746,999.1864407,933.2533681,,
1,148,,,1018.169492,966.9256845,1026.847458,988.575402,997.5141243,,976.6779661,1022.185137,931.1395046,995.8730987,953.9087353,944.6779661,1048.236419,1024.914385,1036.662321,1002.40591,1022.378255,990.5084746,999.1864407,933.2533681,,
1,149,,,1018.169492,966.9256845,1026.847458,988.575402,997.5141243,,976.6779661,1022.185137,931.1395046,995.8730987,953.9087353,944.6779661,1048.236419,1024.914385,1036.662321,1028.587729,1022.378255,990.5084746,999.1864407,933.2533681,,
1,150,,,1018.169492,966.9256845,1026.847458,988.575402,997.5141243,,976.6779661,1022.185137,931.1395046,995.8730987,953.9087353,944.6779661,1048.236419,1024.914385,1036.662321,1022.769547,1022.378255,990.5084746,999.1864407,933.2533681,,
1,151,,,1018.169492,966.9256845,1026.847458,988.575402,997.5141243,,976.6779661,1022.185137,931.1395046,995.8730987,953.9087353,944.6779661,1048.236419,1024.914385,1036.662321,1016.951365,1022.378255,990.5084746,999.1864407,933.2533681,,
1,152,,,1018.169492,966.9256845,1026.847458,988.575402,997.5141243,,976.6779661,1022.185137,931.1395046,995.8730987,953.9087353,944.6779661,1048.236419,1024.914385,1036.662321,1011.133183,1022.378255,990.5084746,999.1864407,933.2533681,,
1,153,,,1018.169492,966.9256845,1026.847458,988.575402,997.5141243,,976.6779661,1022.185137,931.1395046,995.8730987,953.9087353,944.6779661,1048.236419,1024.914385,1036.662321,1005.315001,1022.378255,990.5084746,999.1864407,933.2533681,,
1,154,,,1018.169492,966.9256845,1026.847458,988.575402,997.5141243,,976.6779661,1022.185137,931.1395046,995.8730987,953.9087353,944.6779661,1048.236419,1024.914385,1036.662321,1005.315001,1022.378255,990.5084746,1017.355932,933.2533681,,
1,155,,,1018.169492,966.9256845,1026.847458,988.575402,997.5141243,,976.6779661,1022.185137,931.1395046,995.8730987,953.9087353,944.6779661,1048.236419,1024.914385,1036.662321,1005.315001,1022.378255,990.5084746,1003.525424,933.2533681,,
1,156,,,1018.169492,966.9256845,1026.847458,988.575402,997.5141243,,976.6779661,1022.185137,931.1395046,995.8730987,953.9087353,944.6779661,1048.236419,1024.914385,1036.662321,1005.315001,1022.378255,990.5084746,989.6949153,933.2533681,,
1,157,,1000,1018.169492,966.9256845,1026.847458,988.575402,997.5141243,,994.8474576,1022.185137,931.1395046,995.8730987,953.9087353,944.6779661,1048.236419,1024.914385,1036.662321,1005.315001,1022.378255,990.5084746,989.6949153,933.2533681,,
1,158,,986.1694915,1018.169492,966.9256845,1026.847458,988.575402,997.5141243,,994.8474576,1022.185137,931.1395046,995.8730987,953.9087353,944.6779661,1048.236419,1024.914385,1036.662321,1005.315001,1022.378255,990.5084746,989.6949153,933.2533681,,
1,159,,986.1694915,1018.169492,966.9256845,1026.847458,988.575402,997.5141243,,994.8474576,1022.185137,931.1395046,995.8730987,953.9087353,944.6779661,1048.236419,1024.914385,1036.662321,1005.315001,1022.378255,990.5084746,1018.412864,933.2533681,,
1,160,,986.1694915,1018.169492,966.9256845,1026.847458,988.575402,997.5141243,,994.8474576,1022.185137,931.1395046,995.8730987,953.9087353,944.6779661,1048.236419,1024.914385,1036.662321,1005.315001,1022.378255,990.5084746,1027.643633,933.2533681,,
1,161,,986.1694915,1018.169492,966.9256845,1026.847458,988.575402,997.5141243,,994.8474576,1022.185137,931.1395046,995.8730987,953.9087353,944.6779661,1076.954368,1024.914385,1036.662321,1005.315001,1022.378255,990.5084746,1027.643633,933.2533681,,
1,162,1000,986.1694915,1018.169492,966.9256845,1026.847458,988.575402,997.5141243,,994.8474576,1022.185137,931.1395046,995.8730987,953.9087353,944.6779661,1076.954368,1024.914385,1036.662321,1005.315001,1022.378255,990.5084746,1036.874402,933.2533681,,
1,163,986.1694915,986.1694915,1018.169492,966.9256845,1026.847458,988.575402,997.5141243,,994.8474576,1022.185137,931.1395046,995.8730987,953.9087353,944.6779661,1076.954368,1024.914385,1036.662321,1005.315001,1022.378255,990.5084746,1036.874402,933.2533681,,
1,164,1004.338983,986.1694915,1018.169492,966.9256845,1026.847458,988.575402,997.5141243,,994.8474576,1022.185137,931.1395046,995.8730987,953.9087353,944.6779661,1076.954368,1024.914385,1036.662321,1005.315001,1022.378255,990.5084746,1036.874402,933.2533681,,
1,165,1022.508475,986.1694915,1018.169492,966.9256845,1026.847458,988.575402,997.5141243,,994.8474576,1022.185137,931.1395046,995.8730987,953.9087353,944.6779661,1076.954368,1024.914385,1036.662321,1005.315001,1022.378255,990.5084746,1036.874402,933.2533681,,
1,166,1031.739244,986.1694915,1018.169492,966.9256845,1026.847458,988.575402,997.5141243,,994.8474576,1022.185137,931.1395046,995.8730987,953.9087353,944.6779661,1076.954368,1024.914385,1036.662321,1005.315001,1022.378255,990.5084746,1036.874402,933.2533681,,
1,167,1031.739244,986.1694915,1018.169492,966.9256845,1026.847458,988.575402,997.5141243,,994.8474576,1022.185137,931.1395046,995.8730987,953.9087353,944.6779661,1076.954368,1024.914385,1036.662321,1005.315001,1022.378255,990.5084746,1036.874402,933.2533681,,
1,168,1025.921062,986.1694915,1018.169492,966.9256845,1026.847458,988.575402,997.5141243,,994.8474576,1022.185137,931.1395046,995.8730987,953.9087353,944.6779661,1076.954368,1024.914385,1036.662321,1005.315001,1022.378255,990.5084746,1036.874402,933.2533681,,
1,169,1025.921062,986.1694915,1018.169492,966.9256845,1026.847458,988.575402,997.5141243,,994.8474576,1022.185137,931.1395046,995.8730987,953.9087353,944.6779661,1076.954368,1024.914385,1036.662321,1005.315001,1022.378255,990.5084746,1036.874402,933.2533681,,
1,170,1022.639011,986.1694915,1018.169492,966.9256845,1026.847458,988.575402,997.5141243,,994.8474576,1022.185137,931.1395046,995.8730987,953.9087353,944.6779661,1076.954368,1024.914385,1036.662321,1005.315001,1022.378255,990.5084746,1036.874402,933.2533681,,
1,171,1022.639011,986.1694915,1018.169492,966.9256845,1026.847458,988.575402,997.5141243,,994.8474576,1018.903086,931.1395046,995.8730987,953.9087353,944.6779661,1076.954368,1024.914385,1036.662321,1005.315001,1022.378255,990.5084746,1036.874402,933.2533681,,
1,172,1022.639011,986.1694915,1018.169492,966.9256845,1026.847458,988.575402,997.5141243,,994.8474576,1015.621034,931.1395046,995.8730987,953.9087353,944.6779661,1076.954368,1024.914385,1036.662321,1005.315001,1022.378255,990.5084746,1036.874402,933.2533681,,
1,173,1022.639011,986.1694915,1018.169492,966.9256845,1026.847458,988.575402,997.5141243,,994.8474576,1015.621034,931.1395046,995.8730987,953.9087353,944.6779661,1076.954368,1024.914385,1036.662321,1005.315001,1022.378255,1008.677966,1036.874402,933.2533681,,
1,174,1022.639011,986.1694915,1018.169492,966.9256845,1026.847458,988.575402,997.5141243,,994.8474576,1015.621034,931.1395046,995.8730987,953.9087353,944.6779661,1076.954368,1024.914385,1036.662321,1005.315001,1022.378255,1026.847458,1036.874402,933.2533681,,
1,175,1022.639011,986.1694915,1018.169492,966.9256845,1026.847458,988.575402,997.5141243,,994.8474576,1015.621034,931.1395046,995.8730987,953.9087353,944.6779661,1076.954368,1024.914385,1036.662321,1005.315001,1022.378255,1023.565406,1036.874402,933.2533681,,
1,176,1022.639011,986.1694915,1018.169492,966.9256845,1026.847458,988.575402,997.5141243,,994.8474576,1015.621034,931.1395046,995.8730987,953.9087353,944.6779661,1076.954368,1024.914385,1036.662321,1005.315001,1022.378255,1032.796176,1036.874402,933.2533681,,
1,177,1022.639011,986.1694915,1018.169492,966.9256845,1026.847458,988.575402,997.5141243,,994.8474576,1015.621034,931.1395046,995.8730987,953.9087353,944.6779661,1076.954368,1024.914385,1033.380269,1005.315001,1022.378255,1032.796176,1036.874402,933.2533681,,
1,178,1022.639011,986.1694915,1018.169492,966.9256845,1026.847458,988.575402,997.5141243,,994.8474576,1015.621034,931.1395046,995.8730987,953.9087353,944.6779661,1076.954368,1024.914385,1033.380269,1005.315001,1022.378255,1010.026945,1036.874402,933.2533681,,
1,179,1022.639011,986.1694915,1018.169492,966.9256845,1026.847458,988.575402,997.5141243,,994.8474576,1015.621034,931.1395046,995.8730987,953.9087353,944.6779661,1076.954368,1024.914385,1033.380269,1005.315001,1022.378255,1019.257714,1036.874402,933.2533681,,
1,180,1022.639011,986.1694915,1018.169492,966.9256845,1026.847458,988.575402,997.5141243,,994.8474576,1015.621034,931.1395046,995.8730987,953.9087353,944.6779661,1076.954368,1024.914385,1065.380269,1005.315001,1022.378255,1019.257714,1036.874402,933.2533681,,
1,181,1022.639011,986.1694915,1018.169492,966.9256845,1026.847458,988.575402,997.5141243,,994.8474576,1015.621034,931.1395046,995.8730987,953.9087353,944.6779661,1076.954368,1024.914385,1062.098218,1005.315001,1022.378255,1019.257714,1036.874402,933.2533681,,
1,182,1022.639011,986.1694915,1018.169492,966.9256845,1026.847458,988.575402,997.5141243,,994.8474576,1015.621034,931.1395046,995.8730987,953.9087353,944.6779661,1108.954368,1024.914385,1062.098218,1005.315001,1022.378255,1019.257714,1036.874402,933.2533681,,
1,183,1022.639011,986.1694915,1018.169492,966.9256845,1026.847458,988.575402,997.5141243,,994.8474576,1015.621034,931.1395046,995.8730987,953.9087353,944.6779661,1108.954368,1024.914385,1062.098218,1005.315001,1022.378255,1019.257714,1036.874402,933.2533681,,
1,184,1022.639011,986.1694915,1018.169492,966.9256845,1026.847458,988.575402,997.5141243,,994.8474576,1015.621034,931.1395046,995.8730987,963.1395046,944.6779661,1108.954368,1024.914385,1062.098218,1005.315001,1022.378255,1019.257714,1036.874402,933.2533681,,
1,185,1022.639011,986.1694915,1018.169492,966.9256845,1026.847458,988.575402,997.5141243,,994.8474576,1015.621034,931.1395046,995.8730987,963.1395046,944.6779661,1108.954368,1024.914385,1062.098218,1005.315001,1022.378255,1019.257714,1036.874402,933.2533681,,
1,186,1022.639011,986.1694915,1018.169492,966.9256845,1026.847458,985.2933507,997.5141243,,994.8474576,1015.621034,931.1395046,995.8730987,963.1395046,944.6779661,1108.954368,1024.914385,1062.098218,1005.315001,1022.378255,1019.257714,1036.874402,933.2533681,,
1,187,1022.639011,986.1694915,1018.169492,966.9256845,1026.847458,985.2933507,997.5141243,,994.8474576,1015.621034,931.1395046,995.8730987,963.1395046,944.6779661,1108.954368,1024.914385,1062.098218,1005.315001,1022.378255,1019.257714,1036.874402,933.2533681,,
1,188,1022.639011,986.1694915,1018.169492,966.9256845,1026.847458,994.5241199,997.5141243,,994.8474576,1015.621034,931.1395046,995.8730987,963.1395046,944.6779661,1108.954368,1024.914385,1062.098218,1005.315001,1022.378255,1019.257714,1036.874402,933.2533681,,
1,189,1022.639011,986.1694915,1018.169492,966.9256845,1026.847458,991.2420687,997.5141243,,994.8474576,1015.621034,931.1395046,995.8730987,963.1395046,944.6779661,1108.954368,1024.914385,1062.098218,1005.315001,1022.378255,1019.257714,1036.874402,933.2533681,,
1,190,1022.639011,986.1694915,1018.169492,966.9256845,1026.847458,991.2420687,997.5141243,,994.8474576,1015.621034,917.3089961,995.8730987,963.1395046,944.6779661,1108.954368,1024.914385,1062.098218,1005.315001,1022.378255,1019.257714,1036.874402,933.2533681,,
1,191,1022.639011,986.1694915,1018.169492,966.9256845,1026.847458,991.2420687,997.5141243,,994.8474576,1015.621034,935.4784876,995.8730987,963.1395046,944.6779661,1108.954368,1024.914385,1062.098218,1005.315001,1022.378255,1019.257714,1036.874402,933.2533681,,
1,192,1022.639011,986.1694915,1018.169492,966.9256845,1026.847458,991.2420687,997.5141243,,994.8474576,1015.621034,921.6479791,995.8730987,963.1395046,944.6779661,1108.954368,1024.914385,1062.098218,1005.315001,1022.378255,1019.257714,1036.874402,933.2533681,,
1,193,1022.639011,986.1694915,1018.169492,966.9256845,1026.847458,991.2420687,997.5141243,,994.8474576,1015.621034,907.8174707,995.8730987,963.1395046,944.6779661,1108.954368,1024.914385,1062.098218,1005.315001,1022.378255,1019.257714,1036.874402,933.2533681,,
1,194,1022.639011,986.1694915,1018.169492,966.9256845,1026.847458,991.2420687,997.5141243,,994.8474576,1015.621034,907.8174707,995.8730987,963.1395046,944.6779661,1108.954368,1024.914385,1062.098218,1005.315001,1022.378255,1019.257714,1046.105172,933.2533681,,
1,195,1022.639011,986.1694915,1018.169492,966.9256845,1026.847458,991.2420687,997.5141243,,994.8474576,1015.621034,907.8174707,995.8730987,963.1395046,944.6779661,1108.954368,1024.914385,1062.098218,1005.315001,1022.378255,1019.257714,1055.335941,933.2533681,,
1,196,1022.639011,986.1694915,1018.169492,966.9256845,1026.847458,991.2420687,997.5141243,,994.8474576,1015.621034,907.8174707,995.8730987,963.1395046,944.6779661,1108.954368,1024.914385,1062.098218,1005.315001,1022.378255,1019.257714,1049.517759,933.2533681,,
1,197,1022.639011,986.1694915,1018.169492,966.9256845,1026.847458,991.2420687,997.5141243,,994.8474576,1015.621034,907.8174707,995.8730987,963.1395046,944.6779661,1108.954368,1024.914385,1062.098218,1005.315001,1022.378255,1019.257714,1049.517759,933.2533681,,
1,198,1022.639011,986.1694915,1018.169492,966.9256845,1026.847458,991.2420687,997.5141243,,994.8474576,1015.621034,907.8174707,995.8730987,995.1395046,944.6779661,1108.954368,1024.914385,1062.098218,1005.315001,1022.378255,1019.257714,1049.517759,933.2533681,,
1,199,1022.639011,986.1694915,1018.169492,966.9256845,1026.847458,991.2420687,1015.683616,,994.8474576,1015.621034,907.8174707,995.8730987,995.1395046,944.6779661,1108.954368,1024.914385,1062.098218,1005.315001,1022.378255,1019.257714,1049.517759,933.2533681,,
1,200,1022.639011,986.1694915,1018.169492,966.9256845,1026.847458,991.2420687,1001.853107,,994.8474576,1015.621034,907.8174707,995.8730987,995.1395046,944.6779661,1108.954368,1024.914385,1062.098218,1005.315001,1022.378255,1019.257714,1049.517759,933.2533681,,
1,201,1022.639011,986.1694915,1018.169492,966.9256845,1026.847458,991.2420687,1011.083877,,994.8474576,1015.621034,907.8174707,995.8730987,995.1395046,944.6779661,1108.954368,1024.914385,1062.098218,1005.315001,1022.378255,1019.257714,1049.517759,933.2533681,,
1,202,1022.639011,1004.338983,1018.169492,966.9256845,1026.847458,991.2420687,1011.083877,,994.8474576,1015.621034,907.8174707,995.8730987,995.1395046,944.6779661,1108.954368,1024.914385,1062.098218,1005.315001,1022.378255,1019.257714,1049.517759,933.2533681,,
1,203,1022.639011,1004.338983,1018.169492,966.9256845,1026.847458,991.2420687,1020.314646,,994.8474576,1015.621034,907.8174707,995.8730987,995.1395046,944.6779661,1108.954368,1024.914385,1062.098218,1005.315001,1022.378255,1019.257714,1049.517759,933.2533681,,
1,204,1022.639011,990.5084746,1018.169492,966.9256845,1026.847458,991.2420687,1020.314646,,994.8474576,1015.621034,907.8174707,995.8730987,995.1395046,944.6779661,1108.954368,1024.914385,1062.098218,1005.315001,1022.378255,1019.257714,1049.517759,933.2533681,,
1,205,1022.639011,990.5084746,1018.169492,966.9256845,1026.847458,991.2420687,997.545415,,994.8474576,1015.621034,907.8174707,995.8730987,995.1395046,944.6779661,1108.954368,1024.914385,1062.098218,1005.315001,1022.378255,1019.257714,1049.517759,933.2533681,,
1,206,1022.639011,990.5084746,1018.169492,966.9256845,1013.016949,991.2420687,997.545415,,994.8474576,1015.621034,907.8174707,995.8730987,995.1395046,944.6779661,1108.954368,1024.914385,1062.098218,1005.315001,1022.378255,1019.257714,1049.517759,933.2533681,,
1,207,1022.639011,990.5084746,1018.169492,966.9256845,1013.016949,991.2420687,1006.776184,,994.8474576,1015.621034,907.8174707,995.8730987,995.1395046,944.6779661,1108.954368,1024.914385,1062.098218,1005.315001,1022.378255,1019.257714,1049.517759,933.2533681,,
1,208,1022.639011,990.5084746,1018.169492,966.9256845,1009.734898,991.2420687,1006.776184,,994.8474576,1015.621034,907.8174707,995.8730987,995.1395046,944.6779661,1108.954368,1024.914385,1062.098218,1005.315001,1022.378255,1019.257714,1049.517759,933.2533681,,
1,209,1022.639011,990.5084746,1018.169492,966.9256845,1006.452847,991.2420687,1006.776184,,994.8474576,1015.621034,907.8174707,995.8730987,995.1395046,944.6779661,1108.954368,1024.914385,1062.098218,1005.315001,1022.378255,1019.257714,1049.517759,933.2533681,,
1,210,1022.639011,990.5084746,1018.169492,966.9256845,1024.622338,991.2420687,1006.776184,,994.8474576,1015.621034,907.8174707,995.8730987,995.1395046,944.6779661,1108.954368,1024.914385,1062.098218,1005.315001,1022.378255,1019.257714,1049.517759,933.2533681,,
1,211,1022.639011,990.5084746,1018.169492,966.9256845,1053.340287,991.2420687,1006.776184,,994.8474576,1015.621034,907.8174707,995.8730987,995.1395046,944.6779661,1108.954368,1024.914385,1062.098218,1005.315001,1022.378255,1019.257714,1049.517759,933.2533681,,
1,212,1022.639011,990.5084746,1018.169492,966.9256845,1050.058236,991.2420687,1006.776184,,994.8474576,1015.621034,907.8174707,995.8730987,995.1395046,944.6779661,1108.954368,1024.914385,1062.098218,1005.315001,1022.378255,1019.257714,1049.517759,933.2533681,,
1,213,1022.639011,990.5084746,1018.169492,966.9256845,1046.776184,991.2420687,1006.776184,,994.8474576,1015.621034,907.8174707,995.8730987,995.1395046,944.6779661,1108.954368,1024.914385,1062.098218,1005.315001,1022.378255,1019.257714,1049.517759,933.2533681,,
1,214,1022.639011,990.5084746,1018.169492,966.9256845,1046.776184,991.2420687,1006.776184,,994.8474576,1015.621034,907.8174707,995.8730987,995.1395046,944.6779661,1108.954368,1024.914385,1062.098218,1031.49682,1022.378255,1019.257714,1049.517759,933.2533681,,
1,215,1022.639011,990.5084746,1018.169492,966.9256845,1046.776184,991.2420687,1003.494133,,994.8474576,1015.621034,907.8174707,995.8730987,995.1395046,944.6779661,1108.954368,1024.914385,1062.098218,1031.49682,1022.378255,1019.257714,1049.517759,933.2533681,,
1,216,1022.639011,990.5084746,1018.169492,966.9256845,1046.776184,991.2420687,1003.494133,,981.0169492,1015.621034,907.8174707,995.8730987,995.1395046,944.6779661,1108.954368,1024.914385,1062.098218,1031.49682,1022.378255,1019.257714,1049.517759,933.2533681,,
1,217,1022.639011,990.5084746,1018.169492,966.9256845,1046.776184,991.2420687,1003.494133,,967.1864407,1015.621034,907.8174707,995.8730987,995.1395046,944.6779661,1108.954368,1024.914385,1062.098218,1031.49682,1022.378255,1019.257714,1049.517759,933.2533681,,
1,218,1022.639011,990.5084746,1018.169492,966.9256845,1046.776184,991.2420687,1003.494133,,967.1864407,1015.621034,907.8174707,995.8730987,995.1395046,944.6779661,1108.954368,1024.914385,1062.098218,1025.678638,1022.378255,1019.257714,1049.517759,933.2533681,,
1,219,1022.639011,990.5084746,1018.169492,966.9256845,1046.776184,991.2420687,1003.494133,,953.3559322,1015.621034,907.8174707,995.8730987,995.1395046,944.6779661,1108.954368,1024.914385,1062.098218,1025.678638,1022.378255,1019.257714,1049.517759,933.2533681,,
1,220,1022.639011,990.5084746,1018.169492,966.9256845,1046.776184,991.2420687,1003.494133,,939.5254237,1015.621034,907.8174707,995.8730987,995.1395046,944.6779661,1108.954368,1024.914385,1062.098218,1025.678638,1022.378255,1019.257714,1049.517759,933.2533681,,
1,221,1022.639011,990.5084746,1018.169492,966.9256845,1046.776184,991.2420687,1003.494133,,939.5254237,1015.621034,907.8174707,995.8730987,995.1395046,944.6779661,1108.954368,1024.914385,1062.098218,1025.678638,1022.378255,1019.257714,1049.517759,933.2533681,,
1,222,1022.639011,990.5084746,1018.169492,966.9256845,1046.776184,991.2420687,1003.494133,,939.5254237,1015.621034,907.8174707,995.8730987,995.1395046,944.6779661,1108.954368,1024.914385,1062.098218,1025.678638,1022.378255,1019.257714,1049.517759,933.2533681,,
1,223,1022.639011,990.5084746,1018.169492,966.9256845,1046.776184,991.2420687,1003.494133,,939.5254237,1015.621034,907.8174707,995.8730987,995.1395046,944.6779661,1086.185137,1024.914385,1062.098218,1025.678638,1022.378255,1019.257714,1049.517759,933.2533681,,
1,224,1022.639011,990.5084746,1018.169492,966.9256845,1046.776184,991.2420687,1003.494133,,939.5254237,1015.621034,907.8174707,995.8730987,995.1395046,944.6779661,1095.415906,1024.914385,1062.098218,1025.678638,1022.378255,1019.257714,1049.517759,933.2533681,,
1,225,1022.639011,990.5084746,1018.169492,966.9256845,1046.776184,991.2420687,1003.494133,,939.5254237,1015.621034,907.8174707,995.8730987,995.1395046,944.6779661,1092.133855,1024.914385,1062.098218,1025.678638,1022.378255,1019.257714,1049.517759,933.2533681,,
1,226,1022.639011,990.5084746,1018.169492,966.9256845,1046.776184,991.2420687,1003.494133,,939.5254237,1015.621034,907.8174707,995.8730987,995.1395046,944.6779661,1101.364624,1024.914385,1062.098218,1025.678638,1022.378255,1019.257714,1049.517759,933.2533681,,
1,227,1022.639011,990.5084746,1018.169492,966.9256845,1046.776184,991.2420687,1003.494133,,939.5254237,1015.621034,907.8174707,995.8730987,995.1395046,944.6779661,1110.595393,1024.914385,1062.098218,1025.678638,1022.378255,1019.257714,1049.517759,933.2533681,,
1,228,1022.639011,990.5084746,1018.169492,966.9256845,1046.776184,991.2420687,1003.494133,,939.5254237,1015.621034,907.8174707,995.8730987,995.1395046,944.6779661,1119.826163,1024.914385,1062.098218,1025.678638,1022.378255,1019.257714,1049.517759,933.2533681,,
1,229,1022.639011,990.5084746,1018.169492,966.9256845,1046.776184,991.2420687,1003.494133,,939.5254237,1015.621034,907.8174707,995.8730987,995.1395046,944.6779661,1119.826163,1024.914385,1058.816167,1025.678638,1022.378255,1019.257714,1049.517759,933.2533681,,
1,230,1022.639011,990.5084746,1018.169492,966.9256845,1046.776184,1000.472838,1003.494133,,939.5254237,1015.621034,907.8174707,995.8730987,995.1395046,944.6779661,1119.826163,1024.914385,1058.816167,1025.678638,1022.378255,1019.257714,1049.517759,933.2533681,,
1,231,1022.639011,990.5084746,1018.169492,966.9256845,1046.776184,994.6546561,1003.494133,,939.5254237,1015.621034,907.8174707,995.8730987,995.1395046,944.6779661,1119.826163,1024.914385,1058.816167,1025.678638,1022.378255,1019.257714,1049.517759,933.2533681,,
1,232,1022.639011,990.5084746,1018.169492,966.9256845,1046.776184,994.6546561,1003.494133,1000,939.5254237,1015.621034,907.8174707,995.8730987,995.1395046,944.6779661,1119.826163,1024.914385,1058.816167,1025.678638,1022.378255,996.4884833,1049.517759,933.2533681,,
1,233,1022.639011,990.5084746,1018.169492,966.9256845,1046.776184,994.6546561,1003.494133,1018.169492,939.5254237,1015.621034,907.8174707,995.8730987,995.1395046,944.6779661,1119.826163,1024.914385,1058.816167,1025.678638,1022.378255,996.4884833,1049.517759,933.2533681,,
1,234,1022.639011,990.5084746,1018.169492,966.9256845,1046.776184,994.6546561,1003.494133,1004.338983,939.5254237,1015.621034,907.8174707,995.8730987,995.1395046,944.6779661,1119.826163,1024.914385,1058.816167,1025.678638,1022.378255,996.4884833,1049.517759,933.2533681,,
1,235,1022.639011,990.5084746,1018.169492,966.9256845,1046.776184,994.6546561,1003.494133,1022.508475,939.5254237,1015.621034,907.8174707,995.8730987,995.1395046,944.6779661,1119.826163,1024.914385,1058.816167,1025.678638,1022.378255,996.4884833,1049.517759,933.2533681,,
1,236,1022.639011,990.5084746,1018.169492,966.9256845,1046.776184,994.6546561,1003.494133,1051.226423,939.5254237,1015.621034,907.8174707,995.8730987,995.1395046,944.6779661,1119.826163,1024.914385,1058.816167,1025.678638,1022.378255,996.4884833,1049.517759,933.2533681,,
1,237,1022.639011,990.5084746,1018.169492,966.9256845,1046.776184,994.6546561,1003.494133,1028.457193,939.5254237,1015.621034,907.8174707,995.8730987,995.1395046,944.6779661,1119.826163,1024.914385,1058.816167,1025.678638,1022.378255,996.4884833,1049.517759,933.2533681,,
1,238,1022.639011,990.5084746,1018.169492,966.9256845,1046.776184,994.6546561,1003.494133,1028.457193,939.5254237,1015.621034,907.8174707,995.8730987,995.1395046,944.6779661,1119.826163,1024.914385,1058.816167,1025.678638,1022.378255,996.4884833,1049.517759,933.2533681,,
1,239,1022.639011,990.5084746,1018.169492,966.9256845,1046.776184,994.6546561,1003.494133,1028.457193,939.5254237,1015.621034,907.8174707,995.8730987,995.1395046,944.6779661,1119.826163,1024.914385,1058.816167,1025.678638,1022.378255,996.4884833,1049.517759,933.2533681,,
1,240,1022.639011,1008.677966,1018.169492,966.9256845,1046.776184,994.6546561,1003.494133,1028.457193,939.5254237,1015.621034,907.8174707,995.8730987,995.1395046,944.6779661,1119.826163,1024.914385,1058.816167,1025.678638,1022.378255,996.4884833,1049.517759,933.2533681,,
1,241,1022.639011,994.8474576,1018.169492,966.9256845,1046.776184,994.6546561,1003.494133,1028.457193,939.5254237,1015.621034,907.8174707,995.8730987,995.1395046,944.6779661,1119.826163,1024.914385,1058.816167,1025.678638,1022.378255,996.4884833,1049.517759,933.2533681,,
1,242,1022.639011,994.8474576,1018.169492,966.9256845,1046.776184,994.6546561,1003.494133,1028.457193,939.5254237,1015.621034,907.8174707,995.8730987,995.1395046,944.6779661,1119.826163,1024.914385,1068.046936,1025.678638,1022.378255,996.4884833,1049.517759,933.2533681,,
2,243,1022.639011,994.8474576,1018.169492,966.9256845,1046.776184,994.6546561,1003.494133,1028.457193,939.5254237,1015.621034,907.8174707,995.8730987,995.1395046,944.6779661,1119.826163,1024.914385,1068.046936,1021.411971,1022.378255,996.4884833,1049.517759,933.2533681,,
2,244,1022.639011,994.8474576,1018.169492,966.9256845,1046.776184,994.6546561,1003.494133,1028.457193,939.5254237,1015.621034,907.8174707,995.8730987,995.1395046,944.6779661,1119.826163,1034.514385,1068.046936,1021.411971,1022.378255,996.4884833,1049.517759,933.2533681,,
2,245,1033.305677,994.8474576,1018.169492,966.9256845,1046.776184,994.6546561,1003.494133,1028.457193,939.5254237,1015.621034,907.8174707,995.8730987,995.1395046,944.6779661,1119.826163,1034.514385,1068.046936,1021.411971,1022.378255,996.4884833,1049.517759,933.2533681,,
2,246,1033.305677,994.8474576,1018.169492,966.9256845,1046.776184,972.2546561,1003.494133,1028.457193,939.5254237,1015.621034,907.8174707,995.8730987,995.1395046,944.6779661,1119.826163,1034.514385,1068.046936,1021.411971,1022.378255,996.4884833,1049.517759,933.2533681,,
2,247,1033.305677,994.8474576,1018.169492,966.9256845,1046.776184,965.3975132,1003.494133,1028.457193,939.5254237,1015.621034,907.8174707,995.8730987,995.1395046,944.6779661,1119.826163,1034.514385,1068.046936,1021.411971,1022.378255,996.4884833,1049.517759,933.2533681,,
2,248,1033.305677,994.8474576,1018.169492,966.9256845,1046.776184,944.0641799,1003.494133,1028.457193,939.5254237,1015.621034,907.8174707,995.8730987,995.1395046,944.6779661,1119.826163,1034.514385,1068.046936,1021.411971,1022.378255,996.4884833,1049.517759,933.2533681,,
2,249,1033.305677,994.8474576,1018.169492,966.9256845,1046.776184,954.7308466,1003.494133,1028.457193,939.5254237,1015.621034,907.8174707,995.8730987,995.1395046,944.6779661,1119.826163,1034.514385,1068.046936,1021.411971,1022.378255,996.4884833,1049.517759,933.2533681,,
2,250,1033.305677,994.8474576,1018.169492,966.9256845,1046.776184,954.7308466,1003.494133,1028.457193,939.5254237,1015.621034,907.8174707,995.8730987,995.1395046,944.6779661,1119.826163,1034.514385,1068.046936,1021.411971,1022.378255,996.4884833,1049.517759,933.2533681,,
2,251,1033.305677,994.8474576,1018.169492,945.5923512,1046.776184,954.7308466,1003.494133,1028.457193,939.5254237,1015.621034,907.8174707,995.8730987,995.1395046,944.6779661,1119.826163,1034.514385,1068.046936,1021.411971,1022.378255,996.4884833,1049.517759,933.2533681,,
2,252,1033.305677,994.8474576,1018.169492,956.2590178,1046.776184,954.7308466,1003.494133,1028.457193,939.5254237,1015.621034,907.8174707,995.8730987,995.1395046,944.6779661,1119.826163,1034.514385,1068.046936,1021.411971,1022.378255,996.4884833,1049.517759,933.2533681,,
2,253,1033.305677,994.8474576,1018.169492,949.401875,1046.776184,954.7308466,1003.494133,1028.457193,939.5254237,1015.621034,907.8174707,995.8730987,995.1395046,944.6779661,1119.826163,1034.514385,1068.046936,1021.411971,1022.378255,996.4884833,1049.517759,933.2533681,,
2,254,1033.305677,994.8474576,1018.169492,927.001875,1046.776184,954.7308466,1003.494133,1028.457193,939.5254237,1015.621034,907.8174707,995.8730987,995.1395046,944.6779661,1119.826163,1034.514385,1068.046936,1021.411971,1022.378255,996.4884833,1049.517759,933.2533681,,
2,255,1033.305677,994.8474576,1018.169492,936.601875,1046.776184,954.7308466,1003.494133,1028.457193,939.5254237,1015.621034,907.8174707,995.8730987,995.1395046,944.6779661,1119.826163,1034.514385,1068.046936,1021.411971,1022.378255,996.4884833,1049.517759,933.2533681,,
2,256,1033.305677,994.8474576,1018.169492,961.7447321,1046.776184,954.7308466,1003.494133,1028.457193,939.5254237,1015.621034,907.8174707,995.8730987,995.1395046,944.6779661,1119.826163,1034.514385,1068.046936,1021.411971,1022.378255,996.4884833,1049.517759,933.2533681,,
2,257,1033.305677,994.8474576,1018.169492,961.7447321,1046.776184,954.7308466,1003.494133,1028.457193,939.5254237,1015.621034,907.8174707,995.8730987,995.1395046,944.6779661,1119.826163,1034.514385,1068.046936,1021.411971,1022.378255,996.4884833,1049.517759,933.2533681,,
2,258,1033.305677,994.8474576,1018.169492,961.7447321,1046.776184,954.7308466,1014.1608,1028.457193,939.5254237,1015.621034,907.8174707,995.8730987,995.1395046,944.6779661,1119.826163,1034.514385,1068.046936,1021.411971,1022.378255,996.4884833,1049.517759,933.2533681,,
2,259,1033.305677,994.8474576,1018.169492,961.7447321,1046.776184,954.7308466,1023.7608,1028.457193,939.5254237,1015.621034,907.8174707,995.8730987,995.1395046,944.6779661,1119.826163,1034.514385,1068.046936,1021.411971,1022.378255,996.4884833,1049.517759,933.2533681,,
2,260,1033.305677,994.8474576,1018.169492,961.7447321,1046.776184,964.3308466,1023.7608,1028.457193,939.5254237,1015.621034,907.8174707,995.8730987,995.1395046,944.6779661,1119.826163,1034.514385,1068.046936,1021.411971,1022.378255,996.4884833,1049.517759,933.2533681,,
2,261,1033.305677,994.8474576,1018.169492,961.7447321,1046.776184,964.3308466,1033.3608,1028.457193,939.5254237,1015.621034,907.8174707,995.8730987,995.1395046,944.6779661,1119.826163,1034.514385,1068.046936,1021.411971,1022.378255,996.4884833,1049.517759,933.2533681,,
2,262,1033.305677,994.8474576,1018.169492,961.7447321,1046.776184,964.3308466,1042.9608,1028.457193,939.5254237,1015.621034,907.8174707,995.8730987,995.1395046,944.6779661,1119.826163,1034.514385,1068.046936,1021.411971,1022.378255,996.4884833,1049.517759,933.2533681,,
2,263,1033.305677,994.8474576,1018.169492,961.7447321,1046.776184,964.3308466,1052.5608,1028.457193,939.5254237,1015.621034,907.8174707,995.8730987,995.1395046,944.6779661,1119.826163,1034.514385,1068.046936,1021.411971,1022.378255,996.4884833,1049.517759,933.2533681,,
2,264,1033.305677,994.8474576,1018.169492,961.7447321,1046.776184,964.3308466,1080.294133,1028.457193,939.5254237,1015.621034,907.8174707,995.8730987,995.1395046,944.6779661,1119.826163,1034.514385,1068.046936,1021.411971,1022.378255,996.4884833,1049.517759,933.2533681,,
2,265,1033.305677,994.8474576,1018.169492,961.7447321,1046.776184,973.9308466,1080.294133,1028.457193,939.5254237,1015.621034,907.8174707,995.8730987,995.1395046,944.6779661,1119.826163,1034.514385,1068.046936,1021.411971,1022.378255,996.4884833,1049.517759,933.2533681,,
2,266,1033.305677,994.8474576,1018.169492,961.7447321,1046.776184,973.9308466,1076.027466,1028.457193,939.5254237,1015.621034,907.8174707,995.8730987,995.1395046,944.6779661,1119.826163,1034.514385,1068.046936,1021.411971,1022.378255,996.4884833,1049.517759,933.2533681,,
2,267,1033.305677,994.8474576,1018.169492,961.7447321,1046.776184,973.9308466,1071.7608,1028.457193,939.5254237,1015.621034,907.8174707,995.8730987,995.1395046,944.6779661,1119.826163,1034.514385,1068.046936,1021.411971,1022.378255,996.4884833,1049.517759,933.2533681,,
2,268,1033.305677,994.8474576,1018.169492,961.7447321,1046.776184,973.9308466,1099.494133,1028.457193,939.5254237,1015.621034,907.8174707,995.8730987,995.1395046,944.6779661,1119.826163,1034.514385,1068.046936,1021.411971,1022.378255,996.4884833,1049.517759,933.2533681,,
2,269,1033.305677,994.8474576,1018.169492,961.7447321,1046.776184,973.9308466,1099.494133,1028.457193,939.5254237,1015.621034,907.8174707,995.8730987,995.1395046,944.6779661,1119.826163,1034.514385,1068.046936,1017.145304,1022.378255,996.4884833,1049.517759,933.2533681,,
2,270,1033.305677,994.8474576,1018.169492,961.7447321,1046.776184,967.0737037,1099.494133,1028.457193,939.5254237,1015.621034,907.8174707,995.8730987,995.1395046,944.6779661,1119.826163,1034.514385,1068.046936,1017.145304,1022.378255,996.4884833,1049.517759,933.2533681,1000,
2,271,1033.305677,994.8474576,1018.169492,961.7447321,1046.776184,967.0737037,1099.494133,1028.457193,939.5254237,1025.221034,907.8174707,995.8730987,995.1395046,944.6779661,1119.826163,1034.514385,1068.046936,1017.145304,1022.378255,996.4884833,1049.517759,933.2533681,1000,
2,272,1033.305677,994.8474576,1018.169492,961.7447321,1046.776184,967.0737037,1099.494133,1028.457193,939.5254237,1020.954368,907.8174707,995.8730987,995.1395046,944.6779661,1119.826163,1034.514385,1068.046936,1017.145304,1022.378255,996.4884833,1049.517759,933.2533681,1000,
2,273,1033.305677,994.8474576,1018.169492,961.7447321,1046.776184,967.0737037,1099.494133,1028.457193,939.5254237,1011.811511,907.8174707,995.8730987,995.1395046,944.6779661,1119.826163,1034.514385,1068.046936,1017.145304,1022.378255,996.4884833,1049.517759,933.2533681,1000,
2,274,1033.305677,994.8474576,1018.169492,961.7447321,1046.776184,967.0737037,1099.494133,1028.457193,939.5254237,1011.811511,907.8174707,995.8730987,995.1395046,944.6779661,1119.826163,1034.514385,1068.046936,1017.145304,1022.378255,996.4884833,1049.517759,933.2533681,1010.666667,
2,275,1033.305677,994.8474576,1018.169492,961.7447321,1046.776184,967.0737037,1099.494133,1028.457193,939.5254237,1011.811511,907.8174707,995.8730987,995.1395046,944.6779661,1119.826163,1034.514385,1068.046936,1017.145304,1022.378255,996.4884833,1049.517759,933.2533681,1021.333333,
2,276,1033.305677,994.8474576,1018.169492,961.7447321,1046.776184,967.0737037,1099.494133,1028.457193,939.5254237,1011.811511,907.8174707,995.8730987,995.1395046,944.6779661,1119.826163,1034.514385,1068.046936,1017.145304,1022.378255,996.4884833,1049.517759,933.2533681,1032,
2,277,1033.305677,994.8474576,1018.169492,961.7447321,1046.776184,967.0737037,1099.494133,1028.457193,939.5254237,1011.811511,907.8174707,995.8730987,995.1395046,944.6779661,1119.826163,1034.514385,1068.046936,1017.145304,1022.378255,996.4884833,1049.517759,933.2533681,1032,
2,278,1033.305677,994.8474576,1018.169492,961.7447321,1046.776184,967.0737037,1099.494133,1028.457193,939.5254237,1011.811511,907.8174707,995.8730987,995.1395046,944.6779661,1119.826163,1034.514385,1068.046936,1017.145304,1022.378255,996.4884833,1049.517759,933.2533681,1010.666667,
2,279,1033.305677,994.8474576,1018.169492,961.7447321,1046.776184,967.0737037,1099.494133,1028.457193,939.5254237,1011.811511,907.8174707,995.8730987,995.1395046,944.6779661,1119.826163,1034.514385,1068.046936,1017.145304,1022.378255,996.4884833,1049.517759,933.2533681,1021.333333,
2,280,1033.305677,994.8474576,1018.169492,961.7447321,1046.776184,967.0737037,1099.494133,1028.457193,939.5254237,1011.811511,907.8174707,995.8730987,995.1395046,944.6779661,1119.826163,1034.514385,1068.046936,1017.145304,1022.378255,1006.088483,1049.517759,933.2533681,1021.333333,
2,281,1033.305677,994.8474576,1018.169492,961.7447321,1046.776184,967.0737037,1099.494133,1028.457193,939.5254237,1011.811511,907.8174707,995.8730987,995.1395046,944.6779661,1119.826163,1034.514385,1068.046936,1017.145304,1022.378255,999.2313404,1049.517759,933.2533681,1021.333333,
2,282,1033.305677,994.8474576,1018.169492,961.7447321,1046.776184,967.0737037,1099.494133,1028.457193,939.5254237,1011.811511,907.8174707,995.8730987,1004.739505,944.6779661,1119.826163,1034.514385,1068.046936,1017.145304,1022.378255,999.2313404,1049.517759,933.2533681,1021.333333,
2,283,1033.305677,994.8474576,1018.169492,961.7447321,1046.776184,967.0737037,1099.494133,1028.457193,939.5254237,1011.811511,907.8174707,995.8730987,1004.739505,944.6779661,1119.826163,1034.514385,1068.046936,1017.145304,1022.378255,992.3741976,1049.517759,933.2533681,1021.333333,
2,284,1033.305677,994.8474576,1018.169492,961.7447321,1046.776184,967.0737037,1099.494133,1028.457193,939.5254237,1011.811511,907.8174707,995.8730987,1004.739505,944.6779661,1119.826163,1034.514385,1068.046936,1017.145304,1022.378255,1001.974198,1049.517759,933.2533681,1021.333333,
2,285,1033.305677,994.8474576,1018.169492,961.7447321,1046.776184,967.0737037,1099.494133,1028.457193,939.5254237,1011.811511,907.8174707,995.8730987,997.8823617,944.6779661,1119.826163,1034.514385,1068.046936,1017.145304,1022.378255,1001.974198,1049.517759,933.2533681,1021.333333,
2,286,1033.305677,994.8474576,1018.169492,961.7447321,1046.776184,992.2165608,1099.494133,1028.457193,939.5254237,1011.811511,907.8174707,995.8730987,997.8823617,944.6779661,1119.826163,1034.514385,1068.046936,1017.145304,1022.378255,1001.974198,1049.517759,933.2533681,1021.333333,
2,287,1033.305677,994.8474576,1018.169492,961.7447321,1046.776184,1001.816561,1099.494133,1028.457193,939.5254237,1011.811511,907.8174707,995.8730987,997.8823617,944.6779661,1119.826163,1034.514385,1068.046936,1017.145304,1022.378255,1001.974198,1049.517759,933.2533681,1021.333333,
2,288,1033.305677,994.8474576,1018.169492,961.7447321,1046.776184,994.959418,1099.494133,1028.457193,939.5254237,1011.811511,907.8174707,995.8730987,997.8823617,944.6779661,1119.826163,1034.514385,1068.046936,1017.145304,1022.378255,1001.974198,1049.517759,933.2533681,1021.333333,
2,289,1033.305677,994.8474576,1018.169492,961.7447321,1046.776184,994.959418,1099.494133,1028.457193,939.5254237,1011.811511,907.8174707,995.8730987,1007.482362,944.6779661,1119.826163,1034.514385,1068.046936,1017.145304,1022.378255,1001.974198,1049.517759,933.2533681,1021.333333,
2,290,1033.305677,994.8474576,1018.169492,961.7447321,1046.776184,994.959418,1099.494133,1028.457193,939.5254237,1011.811511,907.8174707,995.8730987,1007.482362,944.6779661,1119.826163,1034.514385,1068.046936,1017.145304,1022.378255,1001.974198,1049.517759,933.2533681,1021.333333,
2,291,1033.305677,994.8474576,1018.169492,961.7447321,1046.776184,1004.559418,1099.494133,1028.457193,939.5254237,1011.811511,907.8174707,995.8730987,1007.482362,944.6779661,1119.826163,1034.514385,1068.046936,1017.145304,1022.378255,1001.974198,1049.517759,933.2533681,1021.333333,
2,292,1033.305677,994.8474576,1018.169492,961.7447321,1046.776184,1004.559418,1099.494133,1028.457193,939.5254237,1011.811511,907.8174707,1005.473099,1007.482362,944.6779661,1119.826163,1034.514385,1068.046936,1017.145304,1022.378255,1001.974198,1049.517759,933.2533681,1021.333333,
2,293,1033.305677,994.8474576,1018.169492,961.7447321,1046.776184,1004.559418,1099.494133,1028.457193,939.5254237,1011.811511,907.8174707,1015.073099,1007.482362,944.6779661,1119.826163,1034.514385,1068.046936,1017.145304,1022.378255,1001.974198,1049.517759,933.2533681,1021.333333,
2,294,1033.305677,994.8474576,1018.169492,961.7447321,1046.776184,1004.559418,1099.494133,1028.457193,939.5254237,1011.811511,907.8174707,1010.806432,1007.482362,944.6779661,1119.826163,1034.514385,1068.046936,1017.145304,1022.378255,1001.974198,1049.517759,933.2533681,1021.333333,
2,295,1033.305677,994.8474576,1018.169492,961.7447321,1046.776184,1004.559418,1099.494133,1028.457193,939.5254237,1011.811511,907.8174707,1006.539765,1007.482362,944.6779661,1119.826163,1034.514385,1068.046936,1017.145304,1022.378255,1001.974198,1049.517759,933.2533681,1021.333333,
2,296,1033.305677,994.8474576,1018.169492,961.7447321,1046.776184,1004.559418,1099.494133,1028.457193,939.5254237,1011.811511,907.8174707,1029.396908,1007.482362,944.6779661,1119.826163,1034.514385,1068.046936,1017.145304,1022.378255,1001.974198,1049.517759,933.2533681,1021.333333,
2,297,1033.305677,994.8474576,1018.169492,961.7447321,1046.776184,1004.559418,1099.494133,1028.457193,939.5254237,1011.811511,907.8174707,1029.396908,1007.482362,944.6779661,1119.826163,1034.514385,1068.046936,1017.145304,1022.378255,1001.974198,1049.517759,933.2533681,1032,
2,298,1033.305677,994.8474576,1018.169492,961.7447321,1046.776184,1004.559418,1099.494133,1028.457193,939.5254237,1011.811511,907.8174707,1029.396908,1007.482362,944.6779661,1119.826163,1034.514385,1068.046936,1012.878638,1022.378255,1001.974198,1049.517759,933.2533681,1032,
2,299,1033.305677,994.8474576,1018.169492,961.7447321,1046.776184,1004.559418,1099.494133,1028.457193,939.5254237,1011.811511,907.8174707,1029.396908,1007.482362,944.6779661,1119.826163,1034.514385,1068.046936,1008.611971,1022.378255,1001.974198,1049.517759,933.2533681,1032,
2,300,1033.305677,994.8474576,1018.169492,961.7447321,1046.776184,1004.559418,1099.494133,1028.457193,939.5254237,1011.811511,907.8174707,1029.396908,1007.482362,944.6779661,1119.826163,1034.514385,1068.046936,1004.345304,1022.378255,1001.974198,1049.517759,933.2533681,1032,
2,301,1033.305677,994.8474576,1018.169492,961.7447321,1046.776184,1004.559418,1099.494133,1028.457193,939.5254237,1011.811511,907.8174707,1029.396908,1007.482362,944.6779661,1119.826163,1034.514385,1068.046936,1004.345304,1022.378255,1001.974198,1049.517759,933.2533681,1032,
2,302,1033.305677,994.8474576,1018.169492,961.7447321,1046.776184,1004.559418,1099.494133,1028.457193,939.5254237,1011.811511,907.8174707,1029.396908,1007.482362,944.6779661,1119.826163,1034.514385,1068.046936,1004.345304,1022.378255,1001.974198,1049.517759,933.2533681,1032,
2,303,1033.305677,994.8474576,1018.169492,961.7447321,1046.776184,1004.559418,1099.494133,1028.457193,939.5254237,1011.811511,907.8174707,1029.396908,1007.482362,944.6779661,1119.826163,1034.514385,1068.046936,1004.345304,1022.378255,997.7075309,1049.517759,933.2533681,1032,
2,304,1033.305677,994.8474576,1018.169492,961.7447321,1046.776184,1004.559418,1099.494133,1028.457193,939.5254237,1011.811511,907.8174707,1029.396908,1007.482362,944.6779661,1119.826163,1034.514385,1068.046936,1004.345304,1022.378255,975.3075309,1049.517759,933.2533681,1032,
2,305,1033.305677,994.8474576,1018.169492,961.7447321,1046.776184,1004.559418,1099.494133,1028.457193,939.5254237,1011.811511,907.8174707,1029.396908,1007.482362,944.6779661,1119.826163,1034.514385,1068.046936,1004.345304,1022.378255,968.450388,1049.517759,933.2533681,1032,
2,306,1033.305677,994.8474576,1018.169492,961.7447321,1046.776184,1004.559418,1099.494133,1028.457193,939.5254237,1011.811511,907.8174707,1029.396908,1007.482362,944.6779661,1119.826163,1034.514385,1068.046936,1004.345304,1022.378255,968.450388,1049.517759,933.2533681,1032,
2,307,1033.305677,994.8474576,1018.169492,961.7447321,1046.776184,1004.559418,1099.494133,1028.457193,939.5254237,1011.811511,907.8174707,1029.396908,1007.482362,944.6779661,1119.826163,1034.514385,1068.046936,1004.345304,1022.378255,968.450388,1049.517759,933.2533681,1032,
2,308,1033.305677,994.8474576,1018.169492,961.7447321,1046.776184,1004.559418,1099.494133,1028.457193,939.5254237,1011.811511,907.8174707,1029.396908,1007.482362,944.6779661,1119.826163,1034.514385,1068.046936,1004.345304,1022.378255,968.450388,1049.517759,933.2533681,1032,
2,309,1033.305677,994.8474576,1018.169492,961.7447321,1046.776184,1004.559418,1099.494133,1028.457193,939.5254237,1011.811511,907.8174707,1029.396908,1007.482362,944.6779661,1119.826163,1034.514385,1068.046936,1004.345304,1022.378255,968.450388,1049.517759,933.2533681,1032,
2,310,1033.305677,994.8474576,1018.169492,954.8875892,1046.776184,1004.559418,1099.494133,1028.457193,939.5254237,1011.811511,907.8174707,1029.396908,1007.482362,944.6779661,1119.826163,1034.514385,1068.046936,1004.345304,1022.378255,968.450388,1049.517759,933.2533681,1032,
2,311,1033.305677,994.8474576,1018.169492,954.8875892,1046.776184,1004.559418,1099.494133,1028.457193,939.5254237,1011.811511,907.8174707,1029.396908,1007.482362,944.6779661,1119.826163,1034.514385,1068.046936,1004.345304,1022.378255,968.450388,1049.517759,933.2533681,1032,
2,312,1033.305677,994.8474576,1018.169492,954.8875892,1046.776184,1004.559418,1099.494133,1028.457193,939.5254237,1011.811511,907.8174707,1029.396908,1007.482362,944.6779661,1119.826163,1034.514385,1068.046936,1004.345304,1022.378255,968.450388,1049.517759,933.2533681,1032,
2,313,1033.305677,994.8474576,1018.169492,932.4875892,1046.776184,1004.559418,1099.494133,1028.457193,939.5254237,1011.811511,907.8174707,1029.396908,1007.482362,944.6779661,1119.826163,1034.514385,1068.046936,1004.345304,1022.378255,968.450388,1049.517759,933.2533681,1032,1000
2,314,1033.305677,994.8474576,1018.169492,932.4875892,1046.776184,1004.559418,1099.494133,1028.457193,939.5254237,1011.811511,907.8174707,1029.396908,1007.482362,944.6779661,1119.826163,1034.514385,1068.046936,1004.345304,1022.378255,968.450388,1049.517759,933.2533681,1032,978.6666667
2,315,1033.305677,994.8474576,1018.169492,925.6304464,1046.776184,1004.559418,1099.494133,1028.457193,939.5254237,1011.811511,907.8174707,1029.396908,1007.482362,944.6779661,1119.826163,1034.514385,1068.046936,1004.345304,1022.378255,968.450388,1049.517759,933.2533681,1032,978.6666667
2,316,1033.305677,994.8474576,1018.169492,957.6304464,1046.776184,1004.559418,1099.494133,1028.457193,939.5254237,1011.811511,907.8174707,1029.396908,1007.482362,944.6779661,1119.826163,1034.514385,1068.046936,1004.345304,1022.378255,968.450388,1049.517759,933.2533681,1032,978.6666667
2,317,1033.305677,994.8474576,1018.169492,989.6304464,1046.776184,1004.559418,1099.494133,1028.457193,939.5254237,1011.811511,907.8174707,1029.396908,1007.482362,944.6779661,1119.826163,1034.514385,1068.046936,1004.345304,1022.378255,968.450388,1049.517759,933.2533681,1032,978.6666667
2,318,1033.305677,994.8474576,1018.169492,989.6304464,1046.776184,1004.559418,1099.494133,1028.457193,939.5254237,1011.811511,907.8174707,1029.396908,1007.482362,944.6779661,1119.826163,1034.514385,1068.046936,1004.345304,1022.378255,968.450388,1049.517759,933.2533681,1032,978.6666667
2,319,1033.305677,994.8474576,1018.169492,989.6304464,1046.776184,1004.559418,1099.494133,1028.457193,939.5254237,1011.811511,907.8174707,1029.396908,1007.482362,944.6779661,1119.826163,1034.514385,1068.046936,1004.345304,1022.378255,968.450388,1049.517759,933.2533681,1032,978.6666667
2,320,1033.305677,994.8474576,1018.169492,989.6304464,1046.776184,1004.559418,1099.494133,1028.457193,939.5254237,1011.811511,907.8174707,1029.396908,1007.482362,944.6779661,1119.826163,1034.514385,1068.046936,1004.345304,1022.378255,968.450388,1049.517759,933.2533681,1032,978.6666667
2,321,1033.305677,994.8474576,1018.169492,989.6304464,1046.776184,1004.559418,1099.494133,1028.457193,939.5254237,1011.811511,907.8174707,1029.396908,1007.482362,944.6779661,1119.826163,1034.514385,1068.046936,1004.345304,1022.378255,968.450388,1049.517759,933.2533681,1032,978.6666667
2,322,1033.305677,994.8474576,1018.169492,989.6304464,1046.776184,1004.559418,1099.494133,1028.457193,939.5254237,1011.811511,907.8174707,1029.396908,1007.482362,944.6779661,1119.826163,1034.514385,1068.046936,1004.345304,1022.378255,968.450388,1049.517759,933.2533681,1032,978.6666667
2,323,1033.305677,994.8474576,1018.169492,989.6304464,1046.776184,1004.559418,1099.494133,1028.457193,939.5254237,1011.811511,907.8174707,1029.396908,1007.482362,944.6779661,1119.826163,1034.514385,1068.046936,1004.345304,1022.378255,968.450388,1049.517759,933.2533681,1032,978.6666667
2,324,1033.305677,994.8474576,1018.169492,989.6304464,1046.776184,1004.559418,1099.494133,1028.457193,939.5254237,1011.811511,907.8174707,1029.396908,1007.482362,944.6779661,1119.826163,1034.514385,1068.046936,1004.345304,1022.378255,968.450388,1049.517759,933.2533681,1032,978.6666667
2,325,1033.305677,994.8474576,1018.169492,989.6304464,1046.776184,1004.559418,1099.494133,1028.457193,939.5254237,1011.811511,907.8174707,1029.396908,1007.482362,944.6779661,1119.826163,1034.514385,1068.046936,1004.345304,1022.378255,968.450388,1049.517759,933.2533681,1032,978.6666667
2,326,1033.305677,994.8474576,1018.169492,989.6304464,1046.776184,1004.559418,1099.494133,1028.457193,939.5254237,1011.811511,907.8174707,1029.396908,1007.482362,944.6779661,1119.826163,1034.514385,1068.046936,1004.345304,1022.378255,968.450388,1049.517759,933.2533681,1032,978.6666667
2,327,1033.305677,994.8474576,1018.169492,989.6304464,1046.776184,1004.559418,1099.494133,1028.457193,939.5254237,1011.811511,907.8174707,1029.396908,1007.482362,944.6779661,1119.826163,1034.514385,1068.046936,1004.345304,1022.378255,968.450388,1049.517759,933.2533681,1032,978.6666667
2,328,1033.305677,994.8474576,1018.169492,989.6304464,1046.776184,1004.559418,1099.494133,1028.457193,939.5254237,1011.811511,907.8174707,1029.396908,1007.482362,944.6779661,1119.826163,1034.514385,1068.046936,1004.345304,1022.378255,968.450388,1049.517759,933.2533681,1032,978.6666667
2,329,1033.305677,994.8474576,1018.169492,989.6304464,1046.776184,1004.559418,1099.494133,1028.457193,939.5254237,1011.811511,907.8174707,1029.396908,1007.482362,944.6779661,1119.826163,1034.514385,1068.046936,1004.345304,1022.378255,968.450388,1049.517759,933.2533681,1032,978.6666667
2,330,1033.305677,994.8474576,1018.169492,989.6304464,1046.776184,1004.559418,1099.494133,1028.457193,939.5254237,1011.811511,907.8174707,1029.396908,1007.482362,944.6779661,1119.826163,1034.514385,1068.046936,1004.345304,1022.378255,968.450388,1049.517759,933.2533681,1032,978.6666667
2,331,1033.305677,994.8474576,1018.169492,989.6304464,1046.776184,1004.559418,1099.494133,1028.457193,939.5254237,1011.811511,907.8174707,1029.396908,1007.482362,944.6779661,1119.826163,1034.514385,1068.046936,1004.345304,1022.378255,968.450388,1049.517759,933.2533681,1032,978.6666667
2,332,1033.305677,994.8474576,1018.169492,989.6304464,1046.776184,1004.559418,1099.494133,1028.457193,939.5254237,1011.811511,907.8174707,1029.396908,1007.482362,944.6779661,1119.826163,1034.514385,1068.046936,1004.345304,1022.378255,968.450388,1049.517759,933.2533681,1032,978.6666667
2,333,1033.305677,994.8474576,1018.169492,989.6304464,1046.776184,1004.559418,1099.494133,1028.457193,939.5254237,1011.811511,907.8174707,1029.396908,1007.482362,944.6779661,1119.826163,1034.514385,1068.046936,1027.202447,1022.378255,968.450388,1049.517759,933.2533681,1032,978.6666667
2,334,1033.305677,994.8474576,1018.169492,989.6304464,1046.776184,1004.559418,1099.494133,1028.457193,939.5254237,1011.811511,907.8174707,1029.396908,1007.482362,944.6779661,1119.826163,1034.514385,1068.046936,1027.202447,1022.378255,968.450388,1049.517759,933.2533681,1032,978.6666667
2,335,1033.305677,994.8474576,1018.169492,989.6304464,1046.776184,1004.559418,1131.494133,1028.457193,939.5254237,1011.811511,907.8174707,1029.396908,1007.482362,944.6779661,1119.826163,1034.514385,1068.046936,1027.202447,1022.378255,968.450388,1049.517759,933.2533681,1032,978.6666667
2,336,1033.305677,994.8474576,1018.169492,989.6304464,1046.776184,1004.559418,1131.494133,1028.457193,939.5254237,1011.811511,907.8174707,1029.396908,1007.482362,944.6779661,1119.826163,1034.514385,1068.046936,1022.935781,1022.378255,968.450388,1049.517759,933.2533681,1032,978.6666667
2,337,1033.305677,994.8474576,1018.169492,989.6304464,1046.776184,1004.559418,1131.494133,1028.457193,939.5254237,1011.811511,907.8174707,1029.396908,1007.482362,944.6779661,1119.826163,1034.514385,1068.046936,1022.935781,1022.378255,968.450388,1059.117759,933.2533681,1032,978.6666667
2,338,1033.305677,994.8474576,1018.169492,989.6304464,1046.776184,982.159418,1131.494133,1028.457193,939.5254237,1011.811511,907.8174707,1029.396908,1007.482362,944.6779661,1119.826163,1034.514385,1068.046936,1022.935781,1022.378255,968.450388,1059.117759,933.2533681,1032,978.6666667
2,339,1033.305677,994.8474576,1018.169492,989.6304464,1046.776184,982.159418,1131.494133,1028.457193,939.5254237,1011.811511,907.8174707,1029.396908,1007.482362,944.6779661,1119.826163,1034.514385,1068.046936,1033.602447,1022.378255,968.450388,1059.117759,933.2533681,1032,978.6666667
2,340,1033.305677,994.8474576,1018.169492,989.6304464,1046.776184,982.159418,1131.494133,1028.457193,939.5254237,1011.811511,907.8174707,1029.396908,1007.482362,944.6779661,1119.826163,1034.514385,1068.046936,1033.602447,1022.378255,968.450388,1036.717759,933.2533681,1032,978.6666667
2,341,1033.305677,994.8474576,1018.169492,989.6304464,1046.776184,982.159418,1131.494133,1028.457193,939.5254237,1011.811511,907.8174707,1029.396908,1007.482362,944.6779661,1119.826163,1034.514385,1068.046936,1033.602447,1022.378255,968.450388,1061.860616,933.2533681,1032,978.6666667
2,342,1033.305677,994.8474576,1018.169492,989.6304464,1046.776184,982.159418,1131.494133,1028.457193,939.5254237,1011.811511,907.8174707,1029.396908,1007.482362,944.6779661,1119.826163,1034.514385,1068.046936,1033.602447,1022.378255,968.450388,1071.460616,933.2533681,1032,978.6666667
2,343,1033.305677,994.8474576,1018.169492,989.6304464,1046.776184,982.159418,1131.494133,1028.457193,939.5254237,1011.811511,907.8174707,1029.396908,1007.482362,944.6779661,1119.826163,1034.514385,1068.046936,1033.602447,1022.378255,968.450388,1067.19395,933.2533681,1032,978.6666667
2,344,1033.305677,994.8474576,1018.169492,989.6304464,1046.776184,982.159418,1131.494133,1028.457193,939.5254237,1011.811511,907.8174707,1029.396908,1007.482362,944.6779661,1119.826163,1034.514385,1068.046936,1033.602447,1022.378255,968.450388,1076.79395,933.2533681,1032,978.6666667
2,345,1033.305677,994.8474576,1018.169492,989.6304464,1046.776184,982.159418,1131.494133,1028.457193,939.5254237,1011.811511,907.8174707,1029.396908,1007.482362,944.6779661,1119.826163,1027.657242,1068.046936,1033.602447,1022.378255,968.450388,1076.79395,933.2533681,1032,978.6666667
2,346,1033.305677,994.8474576,1018.169492,989.6304464,1046.776184,982.159418,1131.494133,1028.457193,939.5254237,989.4115105,907.8174707,1029.396908,1007.482362,944.6779661,1119.826163,1027.657242,1068.046936,1033.602447,1022.378255,968.450388,1076.79395,933.2533681,1032,978.6666667
2,347,1033.305677,994.8474576,1018.169492,989.6304464,1046.776184,982.159418,1131.494133,1028.457193,939.5254237,967.0115105,907.8174707,1029.396908,1007.482362,944.6779661,1119.826163,1027.657242,1068.046936,1033.602447,1022.378255,968.450388,1076.79395,933.2533681,1032,978.6666667
2,348,1033.305677,994.8474576,1018.169492,989.6304464,1046.776184,982.159418,1131.494133,1028.457193,939.5254237,944.6115105,907.8174707,1029.396908,1007.482362,944.6779661,1119.826163,1027.657242,1068.046936,1033.602447,1022.378255,968.450388,1076.79395,933.2533681,1032,978.6666667